{"count":1,"self":5891.6454399999993,"total":31431.6825703,"children":{"InitializeActuators":{"count":1,"self":0.0019944999999999997,"total":0.0019944999999999997,"children":null},"InitializeSensors":{"count":1,"self":0.0029935,"total":0.0029935,"children":null},"AgentSendState":{"count":5681851,"self":351.4480896,"total":2805.4986214,"children":{"CollectObservations":{"count":5681851,"self":41.7752864,"total":41.775287399999996,"children":null},"WriteActionMask":{"count":5681851,"self":14.0009488,"total":14.000948999999999,"children":null},"RequestDecision":{"count":5681851,"self":63.8599744,"total":2398.274296,"children":{"AgentInfo.ToProto":{"count":5681851,"self":54.507500799999995,"total":2334.4143229,"children":{"GenerateSensorData":{"count":5681851,"self":2252.1899008,"total":2279.906819,"children":{"RayPerceptionSensor.Perceive":{"count":5681851,"self":27.7169472,"total":27.7169459,"children":null}}}}}}}}},"DecideAction":{"count":5681851,"self":22652.8886784,"total":22652.888966,"children":null},"AgentAct":{"count":5681851,"self":79.8436992,"total":79.8456947,"children":{"AgentInfo.ToProto":{"count":8,"self":0,"total":0.0019955999999999997,"children":{"GenerateSensorData":{"count":8,"self":0.0019955999999999997,"total":0.0019955999999999997,"children":{"RayPerceptionSensor.Perceive":{"count":8,"self":0,"total":0,"children":null}}}}}}},"AgentInfo.ToProto":{"count":4478,"self":0.0528415,"total":1.7976784,"children":{"GenerateSensorData":{"count":4478,"self":1.7181351999999999,"total":1.7448369,"children":{"RayPerceptionSensor.Perceive":{"count":4478,"self":0.0267016,"total":0.0267016,"children":null}}}}}},"gauges":{"MLAgentRacingProject.CumulativeReward":{"count":4486,"max":34.3292542,"min":-1856.21484,"runningAverage":18.7745914,"value":30.6757984,"weightedAverage":24.4781532}},"metadata":{"timer_format_version":"0.1.0","start_time_seconds":"1629818287","unity_version":"2021.1.16f1","command_line_arguments":"C:\\Program Files\\Unity\\Hub\\Editor\\2021.1.16f1\\Editor\\Unity.exe -projectpath D:\/Github\/CarMLAgent -useHub -hubIPC -cloudEnvironment production -hubSessionId f619a9c0-04ed-11ec-8fe5-cd2a7b6efd1d","communication_protocol_version":"1.5.0","com.unity.ml-agents_version":"2.1.0-exp.1","scene_name":"SampleScene","end_time_seconds":"1629849719"}}